{
    "PicScale": 0.82,

    "LabNum": 2,
    "Subject": "Базы данных",
    "Theme": "Создание объектов базы данных в СУБД PostgreSQL",
    "Task": "изучить основные возможности языка SQL для создания структуры базы данных, научиться создавать базы данных, таблицы, связи, ограничения, а также создавать, изменять и удалять данные",
    "Group": "ВТ-31",
    "AuthorFIO": "Макаров Д.С.",
    "LecturerFIO": "Панченко М.В.",
    "Year": 2019
}
