{
    "PicScale": 0.82,

    "LabNum": 4,
    "Subject": "Базы данных",
    "Theme": "Средства языка SQL для выборки данных",
    "Task": "изучить основные принципы создания SQL-запросов для выборки данных из таблиц базы данных и представления данных в требуемом виде",
    "Group": "ВТ-31",
    "AuthorFIO": "Макаров Д.С.",
    "LecturerFIO": "Панченко М.В.",
    "Year": 2019
}
