{
    "LabNum":  2,
    "Subject": "Информационная безопасность",
    "Theme": "Механизмы резервного копирования данных в операционной системе Windows 2003 Server и Windows 2008 R2 Server",
    "Task": "Получить навыки архивирования и восстановления системы, используя стандартные утилиты Windows Server 2003 и Windows Server 2008. Решить задачи сетевого администратора связанные с сохранением, архивированием информации, и ее последующим восстановлением",
    "Group": "ВТ-31",
    "AuthorFIO": "Макаров Д.С.",
    "LecturerFIO": "Гвоздевский И.Н.",
    "Year": 2019
}
