{
    "PicScale": 0.6,
    
    "LabNum":  2,
    "Subject": "Компьютераная графика ",
    "Variant": "9",
    "Theme": "Аффинные преобразования на плоскости",
    "Task": "получение навыков выполнения аффинных преобразований на плоскости и создание графического приложения с использованием GDI в среде Qt Creator",
    "Group": "ВТ-31",
    "AuthorFIO": "Макаров Д.С.",
    "LecturerFIO": "Осипов О.В.",
    "Year": 2019
}
