[
    {
        "name": "Сущность",
        "density": 5,
        "thermal_capacity": 10,
        "thermal_conductivity": 1,
        "color_red": 180,
        "color_green": 150,
        "color_blue": 255,
        "color_alpha": 150,
        "texture_name": "entity"

    },
    {
        "name": "Камень",
        "density": 50,
        "thermal_capacity": 100,
        "thermal_conductivity": 2,
        "color_red": 145,
        "color_green": 140,
        "color_blue": 145,
        "color_alpha": 255,
        "texture_name": "stone"
    },
    {
        "name": "Металл",
        "density": 50,
        "thermal_capacity": 100,
        "thermal_conductivity": 2,
        "color_red": 170,
        "color_green": 170,
        "color_blue": 170,
        "color_alpha": 255,
        "texture_name": "metal"
    }
]

