{
    "PicScale": 0.6,
    
    "LabNum":  4,
    "Subject": "Компьютераная графика ",
    "Variant": "9",
    "Theme": "Аффинные преобразования в пространстве",
    "Task": "получение навыков использования аффинных преобразований в пространстве и создание графического приложения с использованием GDI  в среде Qt Creator для визуализации простейших трёхмерных объектов",
    "Group": "ВТ-31",
    "AuthorFIO": "Макаров Д.С.",
    "LecturerFIO": "Осипов О.В.",
    "Year": 2019
}
