{
    "PicScale": 0.82,

    "LabNum": 1,
    "Subject": "Базы данных",
    "Variant": "2",
    "Theme": "Разработка структуры базы данных",
    "Task": "научиться создавать инфологическую модель данных и структуру базы данных по заданной предметной области",
    "Group": "ВТ-31",
    "AuthorFIO": "Макаров Д.С.",
    "LecturerFIO": "Панченко М.В.",
    "Year": 2019
}
