{
    "LabNum":  1,
    "Subject": "Информационная безопасность",
    "Theme": "Изучение возможностей системного программного обеспечения для централизации управления информационной безопасностью",
    "Task": "сформировать у студента теоретические и практические навыки работы со службой каталогов, как инструмента централизованного управления безопасностью в современной организации, на примере службы Active Directory. Получение навыков управления службой через средства PowerShell и графический интерфейс операционной системы",
    "Group": "ВТ-31",
    "AuthorFIO": "Макаров Д.С.",
    "LecturerFIO": "Гвоздевский И.Н.",
    "Year": 2019
}
